<?xml version="1.0" encoding="UTF-8"?>
<project-private xmlns="http://www.netbeans.org/ns/project-private/1">
    <editor-bookmarks xmlns="http://www.netbeans.org/ns/editor-bookmarks/2" lastBookmarkId="0"/>
    <open-files xmlns="http://www.netbeans.org/ns/projectui-open-files/2">
        <group>
            <file>file:/F:/TestApiF-master/TestApiF-master/src/JSONWriteExample.java</file>
            <file>file:/F:/TestApiF-master/TestApiF-master/src/coursBourse.java</file>
            <file>file:/F:/TestApiF-master/TestApiF-master/src/FenetrePortefeuille.java</file>
            <file>file:/F:/TestApiF-master/TestApiF-master/src/actifsPossedes.java</file>
            <file>file:/F:/TestApiF-master/TestApiF-master/src/portefeuille.java</file>
        </group>
    </open-files>
</project-private>
